ui_index,event_time_s,positive_state,transition_start_s
0,5.00049999999999984e-09,1,5.00000000000000010e-09
1,6.25050000000000028e-09,0,6.24999999999999972e-09
2,7.50049999999999990e-09,1,7.50000000000000098e-09
3,8.75049999999999951e-09,0,8.75000000000000060e-09
4,1.00005000000000008e-08,1,1.00000000000000002e-08
5,1.12504999999999987e-08,0,1.12499999999999998e-08
6,1.25005000000000000e-08,1,1.25000000000000011e-08
7,1.37505000000000013e-08,0,1.37500000000000007e-08
8,1.50004999999999992e-08,1,1.50000000000000020e-08
9,1.62505000000000005e-08,0,1.62499999999999999e-08
10,1.75004999999999985e-08,1,1.74999999999999979e-08
11,1.87504999999999997e-08,0,1.87499999999999992e-08
12,2.00005000000000010e-08,1,2.00000000000000004e-08
13,2.12504999999999989e-08,0,2.12500000000000017e-08
14,2.25005000000000002e-08,1,2.25000000000000030e-08
15,2.37504999999999982e-08,0,2.37499999999999976e-08
16,2.50004999999999994e-08,1,2.49999999999999989e-08
17,2.62505000000000007e-08,0,2.62500000000000001e-08
18,2.75004999999999987e-08,1,2.75000000000000014e-08
19,2.87504999999999999e-08,0,2.87500000000000027e-08
20,3.00004999999999979e-08,1,2.99999999999999973e-08
21,3.12504999999999992e-08,0,3.12499999999999986e-08
22,3.25005000000000004e-08,1,3.24999999999999999e-08
23,3.37505000000000017e-08,0,3.37500000000000011e-08
24,3.50005000000000030e-08,1,3.50000000000000024e-08
25,3.62504999999999976e-08,0,3.62499999999999970e-08
26,3.75004999999999989e-08,1,3.74999999999999983e-08
27,3.87505000000000001e-08,0,3.87499999999999996e-08
28,4.00005000000000014e-08,1,4.00000000000000008e-08
29,4.12505000000000027e-08,0,4.12500000000000021e-08
30,4.25004999999999973e-08,1,4.24999999999999968e-08
31,4.37504999999999986e-08,0,4.37499999999999980e-08
32,4.50004999999999999e-08,1,4.49999999999999993e-08
33,4.62505000000000011e-08,0,4.62500000000000006e-08
34,4.75005000000000024e-08,1,4.75000000000000018e-08
35,4.87504999999999970e-08,0,4.87499999999999965e-08
36,5.00004999999999983e-08,1,4.99999999999999977e-08
37,5.12504999999999996e-08,0,5.12499999999999990e-08
38,5.25005000000000008e-08,1,5.25000000000000003e-08
39,5.37505000000000021e-08,0,5.37500000000000015e-08
40,5.50004999999999968e-08,1,5.49999999999999962e-08
41,5.62504999999999980e-08,0,5.62499999999999975e-08
42,5.75004999999999993e-08,1,5.74999999999999987e-08
43,5.87505000000000006e-08,0,5.87500000000000000e-08
44,6.00005000000000084e-08,1,6.00000000000000079e-08
45,6.12505000000000097e-08,0,6.12500000000000091e-08
46,6.25004999999999977e-08,1,6.24999999999999972e-08
47,6.37504999999999990e-08,0,6.37499999999999984e-08
48,6.50005000000000135e-08,1,6.50000000000000129e-08
49,6.62505000000000015e-08,0,6.62500000000000010e-08
50,6.75005000000000028e-08,1,6.75000000000000022e-08
51,6.87505000000000041e-08,0,6.87500000000000035e-08
52,7.00005000000000053e-08,1,7.00000000000000048e-08
53,7.12505000000000066e-08,0,7.12500000000000060e-08
54,7.25005000000000079e-08,1,7.25000000000000073e-08
55,7.37505000000000091e-08,0,7.37500000000000086e-08
56,7.50005000000000104e-08,1,7.50000000000000098e-08
57,7.62505000000000117e-08,0,7.62500000000000111e-08
58,7.75005000000000129e-08,1,7.75000000000000124e-08
59,7.87505000000000010e-08,0,7.87500000000000004e-08
60,8.00005000000000022e-08,1,8.00000000000000017e-08
61,8.12505000000000035e-08,0,8.12500000000000029e-08
62,8.25005000000000048e-08,1,8.25000000000000042e-08
63,8.37505000000000060e-08,0,8.37500000000000055e-08
64,8.50005000000000073e-08,1,8.50000000000000067e-08
65,8.62505000000000086e-08,0,8.62500000000000080e-08
66,8.75005000000000098e-08,1,8.75000000000000093e-08
67,8.87505000000000111e-08,0,8.87500000000000105e-08
68,9.00005000000000124e-08,1,9.00000000000000118e-08
69,9.12505000000000136e-08,0,9.12500000000000131e-08
70,9.25005000000000017e-08,1,9.25000000000000011e-08
71,9.37505000000000029e-08,0,9.37500000000000024e-08
72,9.50005000000000042e-08,1,9.50000000000000036e-08
73,9.62505000000000055e-08,0,9.62500000000000049e-08
74,9.75005000000000067e-08,1,9.75000000000000062e-08
75,9.87505000000000080e-08,0,9.87500000000000074e-08
76,1.00000500000000009e-07,1,1.00000000000000009e-07
77,1.01250500000000011e-07,0,1.01250000000000010e-07
78,1.02500500000000012e-07,1,1.02500000000000011e-07
79,1.03750500000000013e-07,0,1.03750000000000013e-07
80,1.05000500000000001e-07,1,1.05000000000000001e-07
81,1.06250500000000002e-07,0,1.06250000000000002e-07
82,1.07500500000000004e-07,1,1.07500000000000003e-07
83,1.08750500000000005e-07,0,1.08750000000000004e-07
84,1.10000500000000006e-07,1,1.10000000000000006e-07
85,1.11250500000000007e-07,0,1.11250000000000007e-07
86,1.12500500000000009e-07,1,1.12500000000000008e-07
87,1.13750500000000010e-07,0,1.13750000000000009e-07
88,1.15000500000000011e-07,1,1.15000000000000011e-07
89,1.16250500000000013e-07,0,1.16250000000000012e-07
90,1.17500500000000014e-07,1,1.17500000000000013e-07
91,1.18750500000000002e-07,0,1.18750000000000001e-07
92,1.20000500000000003e-07,1,1.19999999999999989e-07
93,1.21250499999999991e-07,0,1.21250000000000004e-07
94,1.22500500000000006e-07,1,1.22499999999999992e-07
95,1.23750499999999994e-07,0,1.23750000000000006e-07
96,1.25000500000000008e-07,1,1.25000000000000021e-07
97,1.26250499999999996e-07,0,1.26250000000000009e-07
98,1.27500499999999984e-07,1,1.27499999999999997e-07
99,1.28750499999999999e-07,0,1.28750000000000011e-07
100,1.30000499999999987e-07,1,1.29999999999999999e-07
101,1.31250500000000001e-07,0,1.31250000000000014e-07
102,1.32500499999999989e-07,1,1.32500000000000002e-07
103,1.33750500000000004e-07,0,1.33750000000000016e-07
104,1.35000499999999992e-07,1,1.35000000000000004e-07
105,1.36250500000000006e-07,0,1.36250000000000019e-07
106,1.37500499999999994e-07,1,1.37500000000000007e-07
107,1.38750499999999982e-07,0,1.38749999999999995e-07
108,1.40000499999999997e-07,1,1.40000000000000010e-07
109,1.41250499999999985e-07,0,1.41249999999999998e-07
110,1.42500499999999999e-07,1,1.42500000000000012e-07
111,1.43750499999999987e-07,0,1.43750000000000000e-07
112,1.45000500000000002e-07,1,1.45000000000000015e-07
113,1.46250499999999990e-07,0,1.46250000000000003e-07
114,1.47500500000000004e-07,1,1.47500000000000017e-07
115,1.48750499999999993e-07,0,1.48750000000000005e-07
116,1.50000500000000007e-07,1,1.50000000000000020e-07
117,1.51250499999999995e-07,0,1.51250000000000008e-07
118,1.52500499999999983e-07,1,1.52499999999999996e-07
119,1.53750499999999998e-07,0,1.53750000000000010e-07
120,1.55000499999999986e-07,1,1.54999999999999998e-07
121,1.56250500000000000e-07,0,1.56250000000000013e-07
122,1.57500499999999988e-07,1,1.57500000000000001e-07
123,1.58750500000000003e-07,0,1.58750000000000015e-07
124,1.60000499999999991e-07,1,1.60000000000000003e-07
125,1.61250500000000005e-07,0,1.61250000000000018e-07
126,1.62500499999999993e-07,1,1.62500000000000006e-07
127,1.63750500000000008e-07,0,1.63750000000000020e-07
128,1.65000499999999996e-07,1,1.65000000000000008e-07
129,1.66250499999999984e-07,0,1.66249999999999996e-07
130,1.67500499999999998e-07,1,1.67500000000000011e-07
131,1.68750499999999986e-07,0,1.68749999999999999e-07
132,1.70000500000000001e-07,1,1.70000000000000013e-07
133,1.71250499999999989e-07,0,1.71250000000000002e-07
134,1.72500500000000003e-07,1,1.72500000000000016e-07
135,1.73750499999999991e-07,0,1.73750000000000004e-07
