rowIndexZeroBased,timeSeconds,timeNs,previousStepSeconds,diePositiveV,dieNegativeV
318155,1.2741000000016223e-07,127.41000000016223,2.6469779601696886e-23,0.9306413365267944,0.5687252683830855
318156,1.274100000001622e-07,127.41000000016221,-2.6469779601696886e-23,0.9306413365267258,0.5687252683831542
323480,1.2781000000025628e-07,127.81000000025628,5.293955920339377e-23,0.9595777556922283,0.5397458295133978
323481,1.2781000000025626e-07,127.81000000025625,-2.6469779601696886e-23,0.9595777556920728,0.5397458295135533
430666,1.2940999999999989e-07,129.40999999999988,7.289981953408313e-14,0.9910511808045258,0.508243929972269
430667,1.2940999999999989e-07,129.40999999999988,0.0,0.9910511808044254,0.5082439299723696
430668,1.294099999999999e-07,129.4099999999999,2.6469779601696886e-23,0.9910511808042246,0.5082439299725707
430669,1.2940999999999994e-07,129.40999999999994,2.6469779601696886e-23,0.9910511808038226,0.5082439299729729
430670,1.2940999999999994e-07,129.40999999999994,0.0,0.9910511808037558,0.5082439299730399
