absolute_period_time_s,pad_differential_v,scope_observed_differential_v
0.000000000000000000e+00,2.557431922342284780e-01,-4.645025276686277210e-02
1.999999999999999960e-12,2.829267620650176007e-01,-1.503412224712302216e-02
3.999999999999999920e-12,3.089609196477790531e-01,1.645591727940168281e-02
6.000000000000000283e-12,3.337340260786365587e-01,4.789316020120903267e-02
7.999999999999999839e-12,3.571438556304291079e-01,7.915049320665631938e-02
9.999999999999999395e-12,3.790973102040508524e-01,1.101009827386821432e-01
1.200000000000000057e-11,3.995100794357762108e-01,1.406185329340421120e-01
1.400000000000000012e-11,4.183063100013311164e-01,1.705785803638028009e-01
1.599999999999999968e-11,4.354182908149779596e-01,1.998587975028050523e-01
1.799999999999999923e-11,4.507861595822200695e-01,2.283397823877609811e-01
1.999999999999999879e-11,4.643576349438987005e-01,2.559057169677522170e-01
2.199999999999999835e-11,4.760877772616513570e-01,2.824449811723764858e-01
2.400000000000000113e-11,4.859387799534872765e-01,3.078507137048959175e-01
2.600000000000000069e-11,4.938797922060174650e-01,3.320213140091143877e-01
2.800000000000000024e-11,4.998867728778624286e-01,3.548608827703077506e-01
2.999999999999999980e-11,5.039423744768900537e-01,3.762796007137746424e-01
3.199999999999999936e-11,5.060358552506384333e-01,3.961940473886502723e-01
3.399999999999999891e-11,5.061630166815531684e-01,4.145274631047566327e-01
3.599999999999999847e-11,5.043261630320439171e-01,4.312099582662004549e-01
3.799999999999999802e-11,5.005340790425519826e-01,4.461786750592604545e-01
3.999999999999999758e-11,4.948020214514312620e-01,4.593779068477964467e-01
4.199999999999999714e-11,4.871517196790121074e-01,4.707591807509510784e-01
4.399999999999999669e-11,4.776113807992601878e-01,4.802813087687647364e-01
4.599999999999999625e-11,4.662156938086647329e-01,4.879104125235471656e-01
4.800000000000000227e-11,4.530058281900957717e-01,4.936199262384209918e-01
5.000000000000000182e-11,4.380294218544314444e-01,4.973905820167982550e-01
5.200000000000000138e-11,4.213405537190418881e-01,4.992103808522052599e-01
5.400000000000000093e-11,4.029996964427390860e-01,4.990745521181450539e-01
5.600000000000000049e-11,3.830736451738089299e-01,4.969855035905811347e-01
5.800000000000000005e-11,3.616354185726115000e-01,4.929527633655741425e-01
5.999999999999999960e-11,3.387641288339293122e-01,4.869929143727854681e-01
6.199999999999999269e-11,3.145448179470307637e-01,4.791295215694547083e-01
6.399999999999999871e-11,2.890682579834711330e-01,4.693930513435624063e-01
6.600000000000000473e-11,2.624307137838704507e-01,4.578207821701273939e-01
6.799999999999999782e-11,2.347336670152166960e-01,4.444567051593268925e-01
7.000000000000000384e-11,2.060835011796851024e-01,4.293514128144678144e-01
7.199999999999999694e-11,1.765911477649241279e-01,4.125619740847770722e-01
7.400000000000000295e-11,1.463716943248396518e-01,3.941517936527113575e-01
7.599999999999999605e-11,1.155439558604613587e-01,3.741904533365725816e-01
7.800000000000000207e-11,8.423001142421486509e-02,3.527535335129892147e-01
7.999999999999999516e-11,5.255470839048073661e-02,3.299224125653565931e-01
8.200000000000000118e-11,2.064513731392774581e-02,3.057840425371581849e-01
8.399999999999999427e-11,-1.136991927100046949e-02,2.804306994057957914e-01
8.600000000000000029e-11,-4.336056037591956569e-02,2.539597066848492957e-01
8.799999999999999338e-11,-7.519635835165620896e-02,2.264731314016687758e-01
8.999999999999999940e-11,-1.067469646250798071e-01,1.980774518735943512e-01
9.199999999999999250e-11,-1.378827248511995396e-01,1.688831971104201302e-01
9.399999999999999851e-11,-1.684752988094299075e-01,1.390045580935465597e-01
9.600000000000000453e-11,-1.983982802925243760e-01,1.085589716142406486e-01
9.799999999999999762e-11,-2.275278122178883700e-01,7.766667778562214020e-02
1.000000000000000036e-10,-2.557431922342284225e-01,4.645025276686283455e-02
1.019999999999999967e-10,-2.829267620650174342e-01,1.503412224712325114e-02
1.040000000000000028e-10,-3.089609196477791087e-01,-1.645591727940171056e-02
1.059999999999999958e-10,-3.337340260786363921e-01,-4.789316020120888001e-02
1.080000000000000019e-10,-3.571438556304290524e-01,-7.915049320665622223e-02
1.099999999999999950e-10,-3.790973102040506859e-01,-1.101009827386819212e-01
1.120000000000000010e-10,-3.995100794357762108e-01,-1.406185329340420842e-01
1.139999999999999941e-10,-4.183063100013309499e-01,-1.705785803638025788e-01
1.160000000000000001e-10,-4.354182908149779041e-01,-1.998587975028049413e-01
1.180000000000000061e-10,-4.507861595822200140e-01,-2.283397823877609256e-01
1.199999999999999992e-10,-4.643576349438987005e-01,-2.559057169677522170e-01
1.219999999999999923e-10,-4.760877772616513015e-01,-2.824449811723762638e-01
1.239999999999999854e-10,-4.859387799534870545e-01,-3.078507137048955844e-01
1.260000000000000043e-10,-4.938797922060174650e-01,-3.320213140091142767e-01
1.279999999999999974e-10,-4.998867728778623176e-01,-3.548608827703075286e-01
1.299999999999999905e-10,-5.039423744768899427e-01,-3.762796007137745868e-01
1.320000000000000095e-10,-5.060358552506384333e-01,-3.961940473886504388e-01
1.340000000000000026e-10,-5.061630166815531684e-01,-4.145274631047566327e-01
1.359999999999999956e-10,-5.043261630320439171e-01,-4.312099582662003439e-01
1.379999999999999887e-10,-5.005340790425519826e-01,-4.461786750592603434e-01
1.400000000000000077e-10,-4.948020214514312065e-01,-4.593779068477964467e-01
1.420000000000000008e-10,-4.871517196790121629e-01,-4.707591807509510229e-01
1.439999999999999939e-10,-4.776113807992603544e-01,-4.802813087687646254e-01
1.459999999999999870e-10,-4.662156938086647329e-01,-4.879104125235471101e-01
1.480000000000000059e-10,-4.530058281900957162e-01,-4.936199262384209918e-01
1.499999999999999990e-10,-4.380294218544314999e-01,-4.973905820167982550e-01
1.519999999999999921e-10,-4.213405537190419992e-01,-4.992103808522052044e-01
1.539999999999999852e-10,-4.029996964427393080e-01,-4.990745521181451094e-01
1.560000000000000041e-10,-3.830736451738090409e-01,-4.969855035905811347e-01
1.579999999999999972e-10,-3.616354185726117221e-01,-4.929527633655741425e-01
1.599999999999999903e-10,-3.387641288339296453e-01,-4.869929143727855236e-01
1.620000000000000093e-10,-3.145448179470304861e-01,-4.791295215694545973e-01
1.640000000000000024e-10,-2.890682579834710775e-01,-4.693930513435623508e-01
1.659999999999999954e-10,-2.624307137838707282e-01,-4.578207821701275604e-01
1.679999999999999885e-10,-2.347336670152169735e-01,-4.444567051593270590e-01
1.700000000000000075e-10,-2.060835011796851857e-01,-4.293514128144678144e-01
1.720000000000000006e-10,-1.765911477649242112e-01,-4.125619740847770722e-01
1.739999999999999937e-10,-1.463716943248401237e-01,-3.941517936527116350e-01
1.759999999999999868e-10,-1.155439558604613864e-01,-3.741904533365726371e-01
1.780000000000000057e-10,-8.423001142421468468e-02,-3.527535335129891592e-01
1.799999999999999988e-10,-5.255470839048057008e-02,-3.299224125653564821e-01
1.819999999999999919e-10,-2.064513731392802684e-02,-3.057840425371583515e-01
1.839999999999999850e-10,1.136991927100019367e-02,-2.804306994057960134e-01
1.860000000000000039e-10,4.336056037591953793e-02,-2.539597066848493512e-01
1.879999999999999970e-10,7.519635835165590365e-02,-2.264731314016690256e-01
1.899999999999999901e-10,1.067469646250792797e-01,-1.980774518735948231e-01
1.920000000000000091e-10,1.378827248511999004e-01,-1.688831971104197416e-01
1.940000000000000022e-10,1.684752988094300741e-01,-1.390045580935463931e-01
1.959999999999999952e-10,1.983982802925240985e-01,-1.085589716142409261e-01
1.979999999999999883e-10,2.275278122178881202e-01,-7.766667778562241775e-02
