ui_index,event_time_s,positive_state
0.000000000000000000e+00,4.994434789015694492e-09,1.000000000000000000e+00
1.000000000000000000e+00,6.246021832025327731e-09,0.000000000000000000e+00
2.000000000000000000e+00,7.497505623444389607e-09,0.000000000000000000e+00
3.000000000000000000e+00,8.770444802901777341e-09,0.000000000000000000e+00
4.000000000000000000e+00,1.000496606689915849e-08,0.000000000000000000e+00
5.000000000000000000e+00,1.125666947249853924e-08,0.000000000000000000e+00
6.000000000000000000e+00,1.251738732719150782e-08,0.000000000000000000e+00
7.000000000000000000e+00,1.377134873926818771e-08,1.000000000000000000e+00
8.000000000000000000e+00,1.500198113744771689e-08,0.000000000000000000e+00
9.000000000000000000e+00,1.626237116566067503e-08,0.000000000000000000e+00
1.000000000000000000e+01,1.751819742144243904e-08,0.000000000000000000e+00
1.100000000000000000e+01,1.875388234814118133e-08,0.000000000000000000e+00
1.200000000000000000e+01,2.000520496073619996e-08,0.000000000000000000e+00
1.300000000000000000e+01,2.126951763580373489e-08,1.000000000000000000e+00
1.400000000000000000e+01,2.249687122714309951e-08,1.000000000000000000e+00
1.500000000000000000e+01,2.375672725438900262e-08,0.000000000000000000e+00
1.600000000000000000e+01,2.500245055382620168e-08,0.000000000000000000e+00
1.700000000000000000e+01,2.624756663774970280e-08,0.000000000000000000e+00
1.800000000000000000e+01,2.749619835799908439e-08,0.000000000000000000e+00
1.900000000000000000e+01,2.875262318860656821e-08,1.000000000000000000e+00
2.000000000000000000e+01,2.999961125209228714e-08,0.000000000000000000e+00
2.100000000000000000e+01,3.124134217872408898e-08,1.000000000000000000e+00
2.200000000000000000e+01,3.248863437361703123e-08,0.000000000000000000e+00
2.300000000000000000e+01,3.374930706259600140e-08,0.000000000000000000e+00
2.400000000000000000e+01,3.498334540692024320e-08,0.000000000000000000e+00
2.500000000000000000e+01,3.623667751036314066e-08,1.000000000000000000e+00
2.600000000000000000e+01,3.747213797117960863e-08,1.000000000000000000e+00
2.700000000000000000e+01,3.876409688601166944e-08,1.000000000000000000e+00
2.800000000000000000e+01,4.000136640039711914e-08,1.000000000000000000e+00
2.900000000000000000e+01,4.123347376654046302e-08,0.000000000000000000e+00
3.000000000000000000e+01,4.249381769938076564e-08,0.000000000000000000e+00
3.100000000000000000e+01,4.374922176217788590e-08,1.000000000000000000e+00
3.200000000000000000e+01,4.499275519386996235e-08,0.000000000000000000e+00
3.300000000000000000e+01,4.624950649003019431e-08,0.000000000000000000e+00
3.400000000000000000e+01,4.751073952620624887e-08,0.000000000000000000e+00
3.500000000000000000e+01,4.873266055864742604e-08,1.000000000000000000e+00
3.600000000000000000e+01,5.000442727071248044e-08,0.000000000000000000e+00
3.700000000000000000e+01,5.126953985545378201e-08,1.000000000000000000e+00
3.800000000000000000e+01,5.251551424128351818e-08,1.000000000000000000e+00
3.900000000000000000e+01,5.373417958746259645e-08,0.000000000000000000e+00
4.000000000000000000e+01,5.500617879869192348e-08,0.000000000000000000e+00
4.100000000000000000e+01,5.624571347407185084e-08,1.000000000000000000e+00
4.200000000000000000e+01,5.749855121495986589e-08,1.000000000000000000e+00
4.300000000000000000e+01,5.875838002043894918e-08,1.000000000000000000e+00
4.400000000000000000e+01,6.001012337101520321e-08,0.000000000000000000e+00
4.500000000000000000e+01,6.124564110591027269e-08,1.000000000000000000e+00
4.600000000000000000e+01,6.249195329774112329e-08,0.000000000000000000e+00
4.700000000000000000e+01,6.375105065775361056e-08,1.000000000000000000e+00
4.800000000000000000e+01,6.500324207396350675e-08,0.000000000000000000e+00
4.900000000000000000e+01,6.624461175634336663e-08,0.000000000000000000e+00
5.000000000000000000e+01,6.750753267762476409e-08,1.000000000000000000e+00
5.100000000000000000e+01,6.876115178723249522e-08,1.000000000000000000e+00
5.200000000000000000e+01,6.999175377687843570e-08,1.000000000000000000e+00
5.300000000000000000e+01,7.125378290344667891e-08,1.000000000000000000e+00
5.400000000000000000e+01,7.250162219860870039e-08,1.000000000000000000e+00
5.500000000000000000e+01,7.372053655467010210e-08,0.000000000000000000e+00
5.600000000000000000e+01,7.498795895363139785e-08,1.000000000000000000e+00
5.700000000000000000e+01,7.624047273323430043e-08,0.000000000000000000e+00
5.800000000000000000e+01,7.749427266860745502e-08,0.000000000000000000e+00
5.900000000000000000e+01,7.875695375256498721e-08,0.000000000000000000e+00
6.000000000000000000e+01,7.999980890404719156e-08,0.000000000000000000e+00
6.100000000000000000e+01,8.124335308131434733e-08,1.000000000000000000e+00
6.200000000000000000e+01,8.251707453068100499e-08,1.000000000000000000e+00
6.300000000000000000e+01,8.375575798059718302e-08,1.000000000000000000e+00
6.400000000000000000e+01,8.499110356618478686e-08,0.000000000000000000e+00
6.500000000000000000e+01,8.624741375377822687e-08,0.000000000000000000e+00
6.600000000000000000e+01,8.749257821117580157e-08,0.000000000000000000e+00
6.700000000000000000e+01,8.876144469758100393e-08,1.000000000000000000e+00
6.800000000000000000e+01,9.001469577364181170e-08,0.000000000000000000e+00
6.900000000000000000e+01,9.123988272769395636e-08,0.000000000000000000e+00
7.000000000000000000e+01,9.250298505583047245e-08,1.000000000000000000e+00
7.100000000000000000e+01,9.376058506292302537e-08,0.000000000000000000e+00
7.200000000000000000e+01,9.498800150953204104e-08,0.000000000000000000e+00
7.300000000000000000e+01,9.625421417274573055e-08,1.000000000000000000e+00
7.400000000000000000e+01,9.750982393218203026e-08,1.000000000000000000e+00
7.500000000000000000e+01,9.874770543992534856e-08,0.000000000000000000e+00
7.600000000000000000e+01,1.000124376974938129e-07,1.000000000000000000e+00
7.700000000000000000e+01,1.012645783720891379e-07,1.000000000000000000e+00
7.800000000000000000e+01,1.024976904778071921e-07,0.000000000000000000e+00
7.900000000000000000e+01,1.037413674445788844e-07,1.000000000000000000e+00
8.000000000000000000e+01,1.050015176177848013e-07,0.000000000000000000e+00
8.100000000000000000e+01,1.062440544961240376e-07,1.000000000000000000e+00
8.200000000000000000e+01,1.074960404771464554e-07,1.000000000000000000e+00
8.300000000000000000e+01,1.087558877232775012e-07,0.000000000000000000e+00
8.400000000000000000e+01,1.100004742137068803e-07,1.000000000000000000e+00
8.500000000000000000e+01,1.112709365541285938e-07,1.000000000000000000e+00
8.600000000000000000e+01,1.125096909959690996e-07,1.000000000000000000e+00
8.700000000000000000e+01,1.137336408704854720e-07,1.000000000000000000e+00
8.800000000000000000e+01,1.149996507462913467e-07,0.000000000000000000e+00
8.900000000000000000e+01,1.162510616343100419e-07,1.000000000000000000e+00
9.000000000000000000e+01,1.175010278165608110e-07,1.000000000000000000e+00
9.100000000000000000e+01,1.187545973860593541e-07,0.000000000000000000e+00
9.200000000000000000e+01,1.199964605065336027e-07,0.000000000000000000e+00
9.300000000000000000e+01,1.212557843803217320e-07,0.000000000000000000e+00
9.400000000000000000e+01,1.224984615109911220e-07,1.000000000000000000e+00
9.500000000000000000e+01,1.237221883587711493e-07,1.000000000000000000e+00
9.600000000000000000e+01,1.249793204575285189e-07,0.000000000000000000e+00
9.700000000000000000e+01,1.262480166163736319e-07,1.000000000000000000e+00
9.800000000000000000e+01,1.275069459539825735e-07,0.000000000000000000e+00
9.900000000000000000e+01,1.287717502365750081e-07,0.000000000000000000e+00
1.000000000000000000e+02,1.300052691462570481e-07,1.000000000000000000e+00
1.010000000000000000e+02,1.312691316687985617e-07,0.000000000000000000e+00
1.020000000000000000e+02,1.325021931403654722e-07,1.000000000000000000e+00
1.030000000000000000e+02,1.337677429131399522e-07,1.000000000000000000e+00
1.040000000000000000e+02,1.350201632221567405e-07,1.000000000000000000e+00
1.050000000000000000e+02,1.362527654277572404e-07,0.000000000000000000e+00
1.060000000000000000e+02,1.375192909688863347e-07,1.000000000000000000e+00
1.070000000000000000e+02,1.387639901553515611e-07,1.000000000000000000e+00
1.080000000000000000e+02,1.399858541633495562e-07,1.000000000000000000e+00
1.090000000000000000e+02,1.412430712347904745e-07,0.000000000000000000e+00
1.100000000000000000e+02,1.424998488715965222e-07,0.000000000000000000e+00
1.110000000000000000e+02,1.437422707498499631e-07,1.000000000000000000e+00
1.120000000000000000e+02,1.449965449421687479e-07,1.000000000000000000e+00
1.130000000000000000e+02,1.462468259107391949e-07,0.000000000000000000e+00
1.140000000000000000e+02,1.474861656215478708e-07,0.000000000000000000e+00
1.150000000000000000e+02,1.487417753760740264e-07,1.000000000000000000e+00
1.160000000000000000e+02,1.499829496890907641e-07,0.000000000000000000e+00
1.170000000000000000e+02,1.512602340202305822e-07,1.000000000000000000e+00
1.180000000000000000e+02,1.524864259735258164e-07,0.000000000000000000e+00
1.190000000000000000e+02,1.537589211973345349e-07,1.000000000000000000e+00
1.200000000000000000e+02,1.549996904613362685e-07,0.000000000000000000e+00
1.210000000000000000e+02,1.562513232531668398e-07,1.000000000000000000e+00
1.220000000000000000e+02,1.574978926238926826e-07,1.000000000000000000e+00
1.230000000000000000e+02,1.587537470285252924e-07,1.000000000000000000e+00
1.240000000000000000e+02,1.599978232129987109e-07,1.000000000000000000e+00
1.250000000000000000e+02,1.612573359839031717e-07,1.000000000000000000e+00
1.260000000000000000e+02,1.625030299732177569e-07,1.000000000000000000e+00
1.270000000000000000e+02,1.637515540545178657e-07,1.000000000000000000e+00
1.280000000000000000e+02,1.650047135899414595e-07,0.000000000000000000e+00
1.290000000000000000e+02,1.662539093174814632e-07,0.000000000000000000e+00
1.300000000000000000e+02,1.674838181446728776e-07,0.000000000000000000e+00
1.310000000000000000e+02,1.687583931458478017e-07,0.000000000000000000e+00
1.320000000000000000e+02,1.700036487529180694e-07,0.000000000000000000e+00
1.330000000000000000e+02,1.712574560612006675e-07,0.000000000000000000e+00
1.340000000000000000e+02,1.725142046137801420e-07,1.000000000000000000e+00
1.350000000000000000e+02,1.737541582389057480e-07,0.000000000000000000e+00
1.360000000000000000e+02,1.749941171714565012e-07,0.000000000000000000e+00
1.370000000000000000e+02,1.762491463312149285e-07,0.000000000000000000e+00
1.380000000000000000e+02,1.775019451260611698e-07,0.000000000000000000e+00
1.390000000000000000e+02,1.787513969717435048e-07,0.000000000000000000e+00
1.400000000000000000e+02,1.800017667540802639e-07,1.000000000000000000e+00
1.410000000000000000e+02,1.812242485317973093e-07,1.000000000000000000e+00
1.420000000000000000e+02,1.825058798274901148e-07,0.000000000000000000e+00
1.430000000000000000e+02,1.837352959185704468e-07,0.000000000000000000e+00
1.440000000000000000e+02,1.850159404527064611e-07,0.000000000000000000e+00
1.450000000000000000e+02,1.862348850538995977e-07,0.000000000000000000e+00
1.460000000000000000e+02,1.874959822416114509e-07,1.000000000000000000e+00
1.470000000000000000e+02,1.887471184466752748e-07,0.000000000000000000e+00
1.480000000000000000e+02,1.899853346701559879e-07,1.000000000000000000e+00
1.490000000000000000e+02,1.912437637398996136e-07,0.000000000000000000e+00
1.500000000000000000e+02,1.925062020151961234e-07,0.000000000000000000e+00
1.510000000000000000e+02,1.937531742213897133e-07,0.000000000000000000e+00
1.520000000000000000e+02,1.949949776673325543e-07,1.000000000000000000e+00
1.530000000000000000e+02,1.962453931061984143e-07,1.000000000000000000e+00
1.540000000000000000e+02,1.975036733653724507e-07,1.000000000000000000e+00
1.550000000000000000e+02,1.987447930222536077e-07,1.000000000000000000e+00
1.560000000000000000e+02,2.000151968559782018e-07,0.000000000000000000e+00
1.570000000000000000e+02,2.012680416218630712e-07,0.000000000000000000e+00
1.580000000000000000e+02,2.025026535594383771e-07,1.000000000000000000e+00
1.590000000000000000e+02,2.037679617866848866e-07,0.000000000000000000e+00
1.600000000000000000e+02,2.049954741237545998e-07,0.000000000000000000e+00
1.610000000000000000e+02,2.062607346275418400e-07,0.000000000000000000e+00
1.620000000000000000e+02,2.075028830269591804e-07,1.000000000000000000e+00
1.630000000000000000e+02,2.087639497189863441e-07,0.000000000000000000e+00
1.640000000000000000e+02,2.100189922668432182e-07,1.000000000000000000e+00
1.650000000000000000e+02,2.112501815871721433e-07,1.000000000000000000e+00
1.660000000000000000e+02,2.125008282144273861e-07,0.000000000000000000e+00
1.670000000000000000e+02,2.137563974696757021e-07,0.000000000000000000e+00
1.680000000000000000e+02,2.150131878166873677e-07,1.000000000000000000e+00
1.690000000000000000e+02,2.162491588859975055e-07,1.000000000000000000e+00
1.700000000000000000e+02,2.175055274120095248e-07,1.000000000000000000e+00
1.710000000000000000e+02,2.187462623041466776e-07,0.000000000000000000e+00
1.720000000000000000e+02,2.200033146736272131e-07,1.000000000000000000e+00
1.730000000000000000e+02,2.212558713170946864e-07,0.000000000000000000e+00
1.740000000000000000e+02,2.224981945158174162e-07,1.000000000000000000e+00
1.750000000000000000e+02,2.237670879742152545e-07,0.000000000000000000e+00
1.760000000000000000e+02,2.250018185987508816e-07,0.000000000000000000e+00
1.770000000000000000e+02,2.262358350453132438e-07,1.000000000000000000e+00
1.780000000000000000e+02,2.275008552730385528e-07,1.000000000000000000e+00
1.790000000000000000e+02,2.287490677302072885e-07,1.000000000000000000e+00
1.800000000000000000e+02,2.299968663241368326e-07,1.000000000000000000e+00
1.810000000000000000e+02,2.312331906510246969e-07,1.000000000000000000e+00
1.820000000000000000e+02,2.324965283905235369e-07,0.000000000000000000e+00
1.830000000000000000e+02,2.337551676652627618e-07,1.000000000000000000e+00
1.840000000000000000e+02,2.349911199225283300e-07,0.000000000000000000e+00
1.850000000000000000e+02,2.362528364266906819e-07,0.000000000000000000e+00
1.860000000000000000e+02,2.374870021759357791e-07,0.000000000000000000e+00
1.870000000000000000e+02,2.387354309909834683e-07,0.000000000000000000e+00
1.880000000000000000e+02,2.399984088646277543e-07,1.000000000000000000e+00
1.890000000000000000e+02,2.412457834965306827e-07,1.000000000000000000e+00
1.900000000000000000e+02,2.425127551495272626e-07,1.000000000000000000e+00
1.910000000000000000e+02,2.437582887561746253e-07,0.000000000000000000e+00
1.920000000000000000e+02,2.450068309621391498e-07,0.000000000000000000e+00
1.930000000000000000e+02,2.462448082490065478e-07,0.000000000000000000e+00
1.940000000000000000e+02,2.474887249534153404e-07,1.000000000000000000e+00
1.950000000000000000e+02,2.487654561706339444e-07,0.000000000000000000e+00
1.960000000000000000e+02,2.500009674005632067e-07,0.000000000000000000e+00
1.970000000000000000e+02,2.512599371594197246e-07,1.000000000000000000e+00
1.980000000000000000e+02,2.525210604509285983e-07,0.000000000000000000e+00
1.990000000000000000e+02,2.537553130702519683e-07,0.000000000000000000e+00
2.000000000000000000e+02,2.550130867813089373e-07,1.000000000000000000e+00
2.010000000000000000e+02,2.562627191982994751e-07,1.000000000000000000e+00
2.020000000000000000e+02,2.575031215681086127e-07,0.000000000000000000e+00
2.030000000000000000e+02,2.587407107243059009e-07,1.000000000000000000e+00
2.040000000000000000e+02,2.600086805878395283e-07,1.000000000000000000e+00
2.050000000000000000e+02,2.612343535995998319e-07,0.000000000000000000e+00
2.060000000000000000e+02,2.624947894894257198e-07,1.000000000000000000e+00
2.070000000000000000e+02,2.637390963218287465e-07,0.000000000000000000e+00
2.080000000000000000e+02,2.650036061020647788e-07,1.000000000000000000e+00
2.090000000000000000e+02,2.662308868470651943e-07,1.000000000000000000e+00
2.100000000000000000e+02,2.674906852394257922e-07,0.000000000000000000e+00
2.110000000000000000e+02,2.687533982776343307e-07,1.000000000000000000e+00
2.120000000000000000e+02,2.699997904448269639e-07,1.000000000000000000e+00
2.130000000000000000e+02,2.712473874789047467e-07,1.000000000000000000e+00
2.140000000000000000e+02,2.725050246999294748e-07,1.000000000000000000e+00
2.150000000000000000e+02,2.737366165592705712e-07,0.000000000000000000e+00
2.160000000000000000e+02,2.750035889516765156e-07,1.000000000000000000e+00
2.170000000000000000e+02,2.762619442129513070e-07,1.000000000000000000e+00
2.180000000000000000e+02,2.775043990762429835e-07,0.000000000000000000e+00
2.190000000000000000e+02,2.787570852825623594e-07,0.000000000000000000e+00
2.200000000000000000e+02,2.799936008287892776e-07,0.000000000000000000e+00
2.210000000000000000e+02,2.812615379048183113e-07,1.000000000000000000e+00
2.220000000000000000e+02,2.824834975839062438e-07,1.000000000000000000e+00
2.230000000000000000e+02,2.837447191101725601e-07,0.000000000000000000e+00
2.240000000000000000e+02,2.850066711023597792e-07,1.000000000000000000e+00
2.250000000000000000e+02,2.862459676884476211e-07,0.000000000000000000e+00
2.260000000000000000e+02,2.875066893581544004e-07,0.000000000000000000e+00
2.270000000000000000e+02,2.887511410546805804e-07,1.000000000000000000e+00
2.280000000000000000e+02,2.899991246372593366e-07,0.000000000000000000e+00
2.290000000000000000e+02,2.912486814361179388e-07,1.000000000000000000e+00
2.300000000000000000e+02,2.924980596735354587e-07,1.000000000000000000e+00
2.310000000000000000e+02,2.937429586216795853e-07,1.000000000000000000e+00
2.320000000000000000e+02,2.950077847944635424e-07,0.000000000000000000e+00
2.330000000000000000e+02,2.962349826444417969e-07,1.000000000000000000e+00
2.340000000000000000e+02,2.975002074350462003e-07,1.000000000000000000e+00
2.350000000000000000e+02,2.987500307527590815e-07,1.000000000000000000e+00
2.360000000000000000e+02,2.999998552775910567e-07,0.000000000000000000e+00
2.370000000000000000e+02,3.012394503883376398e-07,0.000000000000000000e+00
2.380000000000000000e+02,3.024969948331043013e-07,1.000000000000000000e+00
2.390000000000000000e+02,3.037534718097362286e-07,1.000000000000000000e+00
2.400000000000000000e+02,3.049854593611693149e-07,0.000000000000000000e+00
2.410000000000000000e+02,3.062543315065723623e-07,0.000000000000000000e+00
2.420000000000000000e+02,3.075160713598029515e-07,1.000000000000000000e+00
2.430000000000000000e+02,3.087503286935588695e-07,0.000000000000000000e+00
2.440000000000000000e+02,3.100065563431006035e-07,1.000000000000000000e+00
2.450000000000000000e+02,3.112405845542439659e-07,0.000000000000000000e+00
2.460000000000000000e+02,3.125200171965940217e-07,1.000000000000000000e+00
2.470000000000000000e+02,3.137418955087136357e-07,0.000000000000000000e+00
2.480000000000000000e+02,3.150005414146402619e-07,1.000000000000000000e+00
2.490000000000000000e+02,3.162485003059615366e-07,1.000000000000000000e+00
2.500000000000000000e+02,3.175008520212861475e-07,1.000000000000000000e+00
2.510000000000000000e+02,3.187543608923827792e-07,1.000000000000000000e+00
2.520000000000000000e+02,3.200149690337752177e-07,1.000000000000000000e+00
2.530000000000000000e+02,3.212476995298177444e-07,1.000000000000000000e+00
2.540000000000000000e+02,3.224894372442948837e-07,1.000000000000000000e+00
2.550000000000000000e+02,3.237658457307105569e-07,0.000000000000000000e+00
